nhru_v11,nhm_id,model_idx
83028,83029,1
83029,83030,2
83030,83031,3
83031,83032,4
83032,83033,5
83033,83034,6
83034,83035,7
83035,83036,8
83036,83037,9
83037,83038,10
83038,83039,11
83039,83040,12
83040,83041,13
83041,83042,14
83042,83043,15
83043,83044,16
83044,83045,17
83045,83046,18
83046,83047,19
83047,83048,20
83048,83049,21
83049,83050,22
83050,83051,23
83051,83052,24
83052,83053,25
83053,83054,26
83054,83055,27
83055,83056,28
83056,83057,29
83057,83058,30
83058,83059,31
83059,83060,32
83060,83061,33
83061,83062,34
83062,83063,35
83063,83064,36
83064,83065,37
83065,83066,38
83066,83067,39
83067,83068,40
83068,83069,41
83069,83070,42
83070,83071,43
83071,83072,44
83072,83073,45
83073,83074,46
83074,83075,47
83075,83076,48
83076,83077,49
83077,83078,50
83078,83079,51
83079,83080,52
83080,83081,53
83081,83082,54
83082,83083,55
83083,83084,56
83084,83085,57
83085,83086,58
83086,83087,59
83087,83088,60
83088,83089,61
83089,83090,62
83090,83091,63
83091,83092,64
83092,83093,65
83093,83094,66
83094,83095,67
83095,83096,68
83096,83097,69
83097,83098,70
83098,83099,71
83099,83100,72
83100,83101,73
83101,83102,74
83102,83103,75
83103,83104,76
83104,83105,77
83105,83106,78
83106,83107,79
83107,83108,80
83108,83109,81
83109,83110,82
83110,83111,83
83111,83112,84
83112,83113,85
83113,83114,86
83114,83115,87
83115,83116,88
83116,83117,89
83117,83118,90
83118,83119,91
83119,83120,92
83120,83121,93
83121,83122,94
83122,83123,95
83123,83124,96
83124,83125,97
83125,83126,98
83126,83127,99
83127,83128,100
83128,83129,101
83129,83130,102
83130,83131,103
83131,83132,104
83132,83133,105
83133,83134,106
83134,83135,107
83135,83136,108
83136,83137,109
83137,83138,110
83138,83139,111
83139,83140,112
83140,83141,113
83141,83142,114
83142,83143,115
83143,83144,116
83144,83145,117
83145,83146,118
83146,83147,119
83147,83148,120
83148,83149,121
83149,83150,122
83150,83151,123
83151,83152,124
83152,83153,125
83153,83154,126
83154,83155,127
83155,83156,128
83156,83157,129
83157,83158,130
83158,83159,131
83159,83160,132
83160,83161,133
83161,83162,134
83162,83163,135
83163,83164,136
83164,83165,137
83165,83166,138
83166,83167,139
83167,83168,140
83168,83169,141
83169,83170,142
83170,83171,143
83171,83172,144
83172,83173,145
83173,83174,146
83174,83175,147
83175,83176,148
83176,83177,149
83177,83178,150
83178,83179,151
83179,83180,152
83180,83181,153
83181,83182,154
83182,83183,155
83183,83184,156
83184,83185,157
83185,83186,158
83186,83187,159
83187,83188,160
83188,83189,161
83189,83190,162
83190,83191,163
83191,83192,164
83192,83193,165
83193,83194,166
83194,83195,167
83195,83196,168
83196,83197,169
83197,83198,170
83198,83199,171
83199,83200,172
83200,83201,173
83201,83202,174
83202,83203,175
83203,83204,176
83204,83205,177
83205,83206,178
83206,83207,179
83207,83208,180
83208,83209,181
83209,83210,182
83210,83211,183
83211,83212,184
83212,83213,185
83213,83214,186
83214,83215,187
83215,83216,188
83216,83217,189
83217,83218,190
83218,83219,191
83219,83220,192
83220,83221,193
83221,83222,194
83222,83223,195
83223,83224,196
83224,83225,197
83225,83226,198
83226,83227,199
83227,83228,200
83228,83229,201
83229,83230,202
83230,83231,203
83231,83232,204
83232,83233,205
83233,83234,206
83234,83235,207
83235,83236,208
83236,83237,209
83237,83238,210
83238,83239,211
83239,83240,212
83240,83241,213
83241,83242,214
83242,83243,215
83243,83244,216
83244,83245,217
83245,83246,218
83246,83247,219
83247,83248,220
83248,83249,221
83249,83250,222
83250,83251,223
83251,83252,224
83252,83253,225
83253,83254,226
83254,83255,227
83255,83256,228
83256,83257,229
83257,83258,230
83258,83259,231
83259,83260,232
83260,83261,233
83261,83262,234
83262,83263,235
83263,83264,236
83264,83265,237
83265,83266,238
83266,83267,239
83267,83268,240
83268,83269,241
83269,83270,242
83270,83271,243
83271,83272,244
83272,83273,245
83273,83274,246
83274,83275,247
83275,83276,248
83276,83277,249
83277,83278,250
83278,83279,251
83279,83280,252
83280,83281,253
83281,83282,254
83282,83283,255
83283,83284,256
83284,83285,257
83285,83286,258
83286,83287,259
83287,83288,260
83288,83289,261
83289,83290,262
83290,83291,263
83291,83292,264
83292,83293,265
83293,83294,266
83294,83295,267
83295,83296,268
83296,83297,269
83297,83298,270
83298,83299,271
83299,83300,272
83300,83301,273
83301,83302,274
83302,83303,275
83303,83304,276
83304,83305,277
83305,83306,278
83306,83307,279
83307,83308,280
83308,83309,281
83309,83310,282
83310,83311,283
83311,83312,284
83312,83313,285
83313,83314,286
83314,83315,287
83315,83316,288
83316,83317,289
83317,83318,290
83318,83319,291
83319,83320,292
83320,83321,293
83321,83322,294
83322,83323,295
83323,83324,296
83324,83325,297
83325,83326,298
83326,83327,299
83327,83328,300
83328,83329,301
83329,83330,302
83330,83331,303
83331,83332,304
83332,83333,305
83333,83334,306
83334,83335,307
83335,83336,308
83336,83337,309
83337,83338,310
83338,83339,311
83339,83340,312
83340,83341,313
83341,83342,314
83342,83343,315
83343,83344,316
83344,83345,317
83345,83346,318
83346,83347,319
83347,83348,320
83348,83349,321
83349,83350,322
83350,83351,323
83351,83352,324
83352,83353,325
83353,83354,326
83354,83355,327
83355,83356,328
83356,83357,329
83357,83358,330
83358,83359,331
83359,83360,332
83360,83361,333
83361,83362,334
83362,83363,335
83363,83364,336
83364,83365,337
83365,83366,338
83366,83367,339
83367,83368,340
83368,83369,341
83369,83370,342
83370,83371,343
83371,83372,344
83372,83373,345
83373,83374,346
83374,83375,347
83375,83376,348
83376,83377,349
83377,83378,350
83378,83379,351
83379,83380,352
83380,83381,353
83381,83382,354
83382,83383,355
83383,83384,356
83384,83385,357
83385,83386,358
83386,83387,359
83387,83388,360
83388,83389,361
83389,83390,362
83390,83391,363
83391,83392,364
83392,83393,365
83393,83394,366
83394,83395,367
83395,83396,368
83396,83397,369
83397,83398,370
83398,83399,371
83399,83400,372
83400,83401,373
83401,83402,374
83402,83403,375
83403,83404,376
83404,83405,377
83405,83406,378
83406,83407,379
83407,83408,380
83408,83409,381
83409,83410,382
83410,83411,383
83411,83412,384
83412,83413,385
83413,83414,386
83414,83415,387
83415,83416,388
83416,83417,389
83417,83418,390
83418,83419,391
83419,83420,392
83420,83421,393
83421,83422,394
83422,83423,395
83423,83424,396
83424,83425,397
83425,83426,398
83426,83427,399
83427,83428,400
83428,83429,401
83429,83430,402
83430,83431,403
83431,83432,404
83432,83433,405
83433,83434,406
83434,83435,407
83435,83436,408
83436,83437,409
83437,83438,410
83438,83439,411
83439,83440,412
83440,83441,413
83441,83442,414
83442,83443,415
83443,83444,416
83444,83445,417
83445,83446,418
83446,83447,419
83447,83448,420
83448,83449,421
83449,83450,422
83450,83451,423
83451,83452,424
83452,83453,425
83453,83454,426
83454,83455,427
83455,83456,428
83456,83457,429
83457,83458,430
83458,83459,431
83459,83460,432
83461,83462,433
83462,83463,434
83463,83464,435
83464,83465,436
83465,83466,437
83466,83467,438
83467,83468,439
83468,83469,440
83469,83470,441
83470,83471,442
83471,83472,443
83472,83473,444
83473,83474,445
83474,83475,446
83475,83476,447
83476,83477,448
83477,83478,449
83479,83480,450
83480,83481,451
83481,83482,452
83482,83483,453
83483,83484,454
83484,83485,455
83485,83486,456
83486,83487,457
83487,83488,458
83488,83489,459
83489,83490,460
83490,83491,461
83491,83492,462
83493,83494,463
83494,83495,464
83495,83496,465
83496,83497,466
83497,83498,467
83498,83499,468
83499,83500,469
83500,83501,470
83501,83502,471
83503,83504,472
83504,83505,473
83505,83506,474
83506,83507,475
83507,83508,476
83508,83509,477
83509,83510,478
83510,83511,479
83511,83512,480
83512,83513,481
83513,83514,482
83514,83515,483
83515,83516,484
83516,83517,485
83517,83518,486
83518,83519,487
83519,83520,488
83520,83521,489
83521,83522,490
83522,83523,491
83523,83524,492
83524,83525,493
83525,83526,494
83526,83527,495
83527,83528,496
83528,83529,497
83529,83530,498
83530,83531,499
83531,83532,500
83532,83533,501
83533,83534,502
83534,83535,503
83535,83536,504
83536,83537,505
83538,83539,506
83539,83540,507
83540,83541,508
83541,83542,509
83542,83543,510
83543,83544,511
83544,83545,512
83545,83546,513
83546,83547,514
83547,83548,515
83548,83549,516
83549,83550,517
83551,83552,518
83552,83553,519
83553,83554,520
83554,83555,521
83555,83556,522
83556,83557,523
83557,83558,524
83558,83559,525
83559,83560,526
83560,83561,527
83561,83562,528
83562,83563,529
83563,83564,530
83564,83565,531
83565,83566,532
83566,83567,533
83567,83568,534
83568,83569,535
83569,83570,536
83570,83571,537
83571,83572,538
83572,83573,539
83573,83574,540
83574,83575,541
83575,83576,542
83577,83578,543
83578,83579,544
83579,83580,545
83580,83581,546
83581,83582,547
83585,83586,548
83586,83587,549
83587,83588,550
83588,83589,551
83589,83590,552
83590,83591,553
83591,83592,554
83592,83593,555
83593,83594,556
83594,83595,557
83595,83596,558
83596,83597,559
83597,83598,560
83598,83599,561
83599,83600,562
83600,83601,563
83601,83602,564
83602,83603,565
83603,83604,566
83604,83605,567
83606,83607,568
83607,83608,569
83609,83610,570
83610,83611,571
83611,83612,572
83612,83613,573
83613,83614,574
83614,83615,575
83615,83616,576
83616,83617,577
83617,83618,578
83618,83619,579
83619,83620,580
83620,83621,581
83621,83622,582
83622,83623,583
83623,83624,584
83624,83625,585
83625,83626,586
83626,83627,587
83627,83628,588
83629,83630,589
83630,83631,590
83631,83632,591
83632,83633,592
83633,83634,593
83634,83635,594
83635,83636,595
83636,83637,596
83637,83638,597
83638,83639,598
83639,83640,599
83640,83641,600
83641,83642,601
83642,83643,602
83643,83644,603
83644,83645,604
83645,83646,605
83646,83647,606
83647,83648,607
83648,83649,608
83650,83651,609
83651,83652,610
83652,83653,611
83653,83654,612
83654,83655,613
83655,83656,614
83656,83657,615
83657,83658,616
83658,83659,617
83659,83660,618
83661,83662,619
83662,83663,620
83663,83664,621
83664,83665,622
83665,83666,623
83666,83667,624
83667,83668,625
83668,83669,626
83669,83670,627
83670,83671,628
83671,83672,629
83672,83673,630
83673,83674,631
83674,83675,632
83675,83676,633
83676,83677,634
83678,83679,635
83679,83680,636
83680,83681,637
83681,83682,638
83682,83683,639
83683,83684,640
83684,83685,641
83686,83687,642
83687,83688,643
83688,83689,644
83689,83690,645
83690,83691,646
83691,83692,647
83692,83693,648
83693,83694,649
83694,83695,650
83695,83696,651
83696,83697,652
83697,83698,653
83698,83699,654
83699,83700,655
83700,83701,656
83701,83702,657
83702,83703,658
83703,83704,659
83704,83705,660
83705,83706,661
83706,83707,662
83707,83708,663
83708,83709,664
83709,83710,665
83710,83711,666
83711,83712,667
83712,83713,668
83713,83714,669
83717,83718,670
83718,83719,671
83719,83720,672
83720,83721,673
83721,83722,674
83722,83723,675
83723,83724,676
83724,83725,677
83725,83726,678
83726,83727,679
83727,83728,680
83728,83729,681
83729,83730,682
83730,83731,683
83731,83732,684
83732,83733,685
83733,83734,686
83734,83735,687
83735,83736,688
83736,83737,689
83737,83738,690
83738,83739,691
83739,83740,692
83740,83741,693
83741,83742,694
83742,83743,695
83743,83744,696
83744,83745,697
83745,83746,698
83746,83747,699
83747,83748,700
83748,83749,701
83749,83750,702
83750,83751,703
83751,83752,704
83752,83753,705
83753,83754,706
83754,83755,707
83755,83756,708
83756,83757,709
83757,83758,710
83758,83759,711
83759,83760,712
83760,83761,713
83761,83762,714
83762,83763,715
83763,83764,716
83764,83765,717
83765,83766,718
83766,83767,719
83767,83768,720
83768,83769,721
83769,83770,722
83770,83771,723
83771,83772,724
83772,83773,725
83773,83774,726
83775,83776,727
83776,83777,728
83777,83778,729
83778,83779,730
83779,83780,731
83780,83781,732
83781,83782,733
83782,83783,734
83783,83784,735
83784,83785,736
83785,83786,737
83786,83787,738
83787,83788,739
83788,83789,740
83789,83790,741
83790,83791,742
83791,83792,743
83792,83793,744
83793,83794,745
83794,83795,746
83796,83797,747
83797,83798,748
83798,83799,749
83799,83800,750
83800,83801,751
83801,83802,752
83802,83803,753
83803,83804,754
83804,83805,755
83805,83806,756
83806,83807,757
83807,83808,758
83808,83809,759
83809,83810,760
83810,83811,761
83811,83812,762
83812,83813,763
83813,83814,764
83814,83815,765
83815,83816,766
83816,83817,767
83817,83818,768
83818,83819,769
83819,83820,770
83820,83821,771
83821,83822,772
83822,83823,773
83823,83824,774
83824,83825,775
83825,83826,776
83826,83827,777
83827,83828,778
83828,83829,779
83829,83830,780
83830,83831,781
83831,83832,782
83832,83833,783
83833,83834,784
83834,83835,785
83835,83836,786
83836,83837,787
83837,83838,788
83838,83839,789
83839,83840,790
83840,83841,791
83841,83842,792
83842,83843,793
83843,83844,794
83844,83845,795
83845,83846,796
83846,83847,797
83847,83848,798
83848,83849,799
83849,83850,800
83850,83851,801
83851,83852,802
83852,83853,803
83853,83854,804
83854,83855,805
83855,83856,806
83856,83857,807
83857,83858,808
83858,83859,809
83859,83860,810
83860,83861,811
83861,83862,812
83862,83863,813
83863,83864,814
83864,83865,815
83865,83866,816
83866,83867,817
83867,83868,818
83868,83869,819
83869,83870,820
83870,83871,821
83871,83872,822
83872,83873,823
83873,83874,824
83874,83875,825
83875,83876,826
83876,83877,827
83877,83878,828
83878,83879,829
83879,83880,830
83880,83881,831
83881,83882,832
83882,83883,833
83883,83884,834
83884,83885,835
83885,83886,836
83886,83887,837
83887,83888,838
83888,83889,839
83889,83890,840
83890,83891,841
83891,83892,842
83892,83893,843
83893,83894,844
83894,83895,845
83895,83896,846
83896,83897,847
83897,83898,848
83898,83899,849
83899,83900,850
83900,83901,851
83901,83902,852
83902,83903,853
83903,83904,854
83904,83905,855
83905,83906,856
83906,83907,857
83907,83908,858
83908,83909,859
83909,83910,860
83910,83911,861
83911,83912,862
83912,83913,863
83913,83914,864
83914,83915,865
83915,83916,866
83916,83917,867
83917,83918,868
83918,83919,869
83919,83920,870
83920,83921,871
83921,83922,872
83922,83923,873
83923,83924,874
83924,83925,875
83925,83926,876
83926,83927,877
83927,83928,878
83928,83929,879
83929,83930,880
83930,83931,881
83931,83932,882
83932,83933,883
83933,83934,884
83934,83935,885
83935,83936,886
83936,83937,887
83937,83938,888
83938,83939,889
83939,83940,890
83940,83941,891
83941,83942,892
83942,83943,893
83943,83944,894
83944,83945,895
83945,83946,896
83946,83947,897
83947,83948,898
83948,83949,899
83949,83950,900
83950,83951,901
83951,83952,902
83952,83953,903
83953,83954,904
83954,83955,905
83955,83956,906
83956,83957,907
83957,83958,908
83958,83959,909
83959,83960,910
83960,83961,911
83961,83962,912
83962,83963,913
83963,83964,914
83964,83965,915
83965,83966,916
83966,83967,917
83967,83968,918
83968,83969,919
83969,83970,920
83970,83971,921
83971,83972,922
83972,83973,923
83973,83974,924
83974,83975,925
83975,83976,926
83976,83977,927
83977,83978,928
83978,83979,929
83979,83980,930
83980,83981,931
83981,83982,932
83982,83983,933
83983,83984,934
83984,83985,935
83985,83986,936
83986,83987,937
83987,83988,938
83988,83989,939
83989,83990,940
83990,83991,941
83991,83992,942
83992,83993,943
83993,83994,944
83994,83995,945
83995,83996,946
83996,83997,947
83997,83998,948
83998,83999,949
83999,84000,950
84000,84001,951
84001,84002,952
84002,84003,953
84003,84004,954
84004,84005,955
84005,84006,956
84006,84007,957
84007,84008,958
84008,84009,959
84009,84010,960
84010,84011,961
84011,84012,962
84012,84013,963
84013,84014,964
84014,84015,965
84015,84016,966
84016,84017,967
84017,84018,968
84018,84019,969
84019,84020,970
84020,84021,971
84021,84022,972
84022,84023,973
84023,84024,974
84024,84025,975
84025,84026,976
84026,84027,977
84027,84028,978
84028,84029,979
84029,84030,980
84030,84031,981
84031,84032,982
84032,84033,983
84033,84034,984
84034,84035,985
84035,84036,986
84036,84037,987
84037,84038,988
84038,84039,989
84039,84040,990
84040,84041,991
84041,84042,992
84042,84043,993
84043,84044,994
84044,84045,995
84045,84046,996
84046,84047,997
84047,84048,998
84048,84049,999
84049,84050,1000
84050,84051,1001
84051,84052,1002
84052,84053,1003
84053,84054,1004
84054,84055,1005
84055,84056,1006
84056,84057,1007
84057,84058,1008
84058,84059,1009
84059,84060,1010
84060,84061,1011
84061,84062,1012
84062,84063,1013
84063,84064,1014
84064,84065,1015
84065,84066,1016
84066,84067,1017
84067,84068,1018
84068,84069,1019
84069,84070,1020
84070,84071,1021
84071,84072,1022
84072,84073,1023
84073,84074,1024
84074,84075,1025
84075,84076,1026
84076,84077,1027
84077,84078,1028
84078,84079,1029
84079,84080,1030
84080,84081,1031
84081,84082,1032
84082,84083,1033
84083,84084,1034
84084,84085,1035
84085,84086,1036
84086,84087,1037
84087,84088,1038
84088,84089,1039
84089,84090,1040
84090,84091,1041
84091,84092,1042
84092,84093,1043
84093,84094,1044
84094,84095,1045
84095,84096,1046
84096,84097,1047
84097,84098,1048
84098,84099,1049
84099,84100,1050
84100,84101,1051
84101,84102,1052
84102,84103,1053
84103,84104,1054
84104,84105,1055
84105,84106,1056
84106,84107,1057
84107,84108,1058
84108,84109,1059
84109,84110,1060
84110,84111,1061
84111,84112,1062
84112,84113,1063
84113,84114,1064
84114,84115,1065
84115,84116,1066
84116,84117,1067
84117,84118,1068
84118,84119,1069
84119,84120,1070
84120,84121,1071
84121,84122,1072
84122,84123,1073
84123,84124,1074
84124,84125,1075
84125,84126,1076
84126,84127,1077
84127,84128,1078
84128,84129,1079
84129,84130,1080
84130,84131,1081
84131,84132,1082
84132,84133,1083
84133,84134,1084
84134,84135,1085
84135,84136,1086
84136,84137,1087
84137,84138,1088
84138,84139,1089
84139,84140,1090
84140,84141,1091
84141,84142,1092
84142,84143,1093
84143,84144,1094
84144,84145,1095
84145,84146,1096
84146,84147,1097
84147,84148,1098
84148,84149,1099
84149,84150,1100
84150,84151,1101
84151,84152,1102
84152,84153,1103
84153,84154,1104
84154,84155,1105
84155,84156,1106
84156,84157,1107
84157,84158,1108
84158,84159,1109
84159,84160,1110
84160,84161,1111
84161,84162,1112
84162,84163,1113
84163,84164,1114
84164,84165,1115
84165,84166,1116
84166,84167,1117
84167,84168,1118
84168,84169,1119
84169,84170,1120
84170,84171,1121
84171,84172,1122
84172,84173,1123
84173,84174,1124
84174,84175,1125
84175,84176,1126
84176,84177,1127
84177,84178,1128
84178,84179,1129
84179,84180,1130
84180,84181,1131
84181,84182,1132
84182,84183,1133
84183,84184,1134
84184,84185,1135
84185,84186,1136
84186,84187,1137
84187,84188,1138
84188,84189,1139
84189,84190,1140
84190,84191,1141
84191,84192,1142
84192,84193,1143
84193,84194,1144
84194,84195,1145
84195,84196,1146
84196,84197,1147
84197,84198,1148
84198,84199,1149
84199,84200,1150
84200,84201,1151
84201,84202,1152
84202,84203,1153
84203,84204,1154
84204,84205,1155
84205,84206,1156
84206,84207,1157
84207,84208,1158
84208,84209,1159
84209,84210,1160
84210,84211,1161
84211,84212,1162
84212,84213,1163
84213,84214,1164
84214,84215,1165
84215,84216,1166
84216,84217,1167
84217,84218,1168
84218,84219,1169
84219,84220,1170
84220,84221,1171
84221,84222,1172
84222,84223,1173
84223,84224,1174
84224,84225,1175
84225,84226,1176
84226,84227,1177
84227,84228,1178
84228,84229,1179
84229,84230,1180
84230,84231,1181
84231,84232,1182
84232,84233,1183
84233,84234,1184
84234,84235,1185
84235,84236,1186
84236,84237,1187
84237,84238,1188
84238,84239,1189
84239,84240,1190
84240,84241,1191
84241,84242,1192
84242,84243,1193
84243,84244,1194
84244,84245,1195
84245,84246,1196
84246,84247,1197
84247,84248,1198
84248,84249,1199
84249,84250,1200
84250,84251,1201
84251,84252,1202
84252,84253,1203
84253,84254,1204
84254,84255,1205
84255,84256,1206
84256,84257,1207
84257,84258,1208
84258,84259,1209
84259,84260,1210
84260,84261,1211
84261,84262,1212
84262,84263,1213
84263,84264,1214
84264,84265,1215
84265,84266,1216
84266,84267,1217
84267,84268,1218
84268,84269,1219
84269,84270,1220
84270,84271,1221
84271,84272,1222
84272,84273,1223
84273,84274,1224
84274,84275,1225
84275,84276,1226
84276,84277,1227
84277,84278,1228
84278,84279,1229
84279,84280,1230
84280,84281,1231
84281,84282,1232
84282,84283,1233
84283,84284,1234
84284,84285,1235
84285,84286,1236
84286,84287,1237
84287,84288,1238
84288,84289,1239
84289,84290,1240
84290,84291,1241
84291,84292,1242
84292,84293,1243
84293,84294,1244
84294,84295,1245
84295,84296,1246
84296,84297,1247
84297,84298,1248
84298,84299,1249
84299,84300,1250
84300,84301,1251
84301,84302,1252
84302,84303,1253
84303,84304,1254
84304,84305,1255
84305,84306,1256
84306,84307,1257
84307,84308,1258
84308,84309,1259
84309,84310,1260
84310,84311,1261
84311,84312,1262
84312,84313,1263
84313,84314,1264
84314,84315,1265
84315,84316,1266
84316,84317,1267
84317,84318,1268
84318,84319,1269
84319,84320,1270
84320,84321,1271
84321,84322,1272
84322,84323,1273
84323,84324,1274
84324,84325,1275
84325,84326,1276
84326,84327,1277
84327,84328,1278
84328,84329,1279
84329,84330,1280
84330,84331,1281
84331,84332,1282
84332,84333,1283
84333,84334,1284
84334,84335,1285
84335,84336,1286
84336,84337,1287
84337,84338,1288
84338,84339,1289
84339,84340,1290
84340,84341,1291
84341,84342,1292
84342,84343,1293
84343,84344,1294
84344,84345,1295
84345,84346,1296
84346,84347,1297
84347,84348,1298
84348,84349,1299
84349,84350,1300
84350,84351,1301
84351,84352,1302
84352,84353,1303
84353,84354,1304
84354,84355,1305
84355,84356,1306
84356,84357,1307
84357,84358,1308
84358,84359,1309
84359,84360,1310
84360,84361,1311
84361,84362,1312
84362,84363,1313
84363,84364,1314
84364,84365,1315
84365,84366,1316
84366,84367,1317
84367,84368,1318
84368,84369,1319
84369,84370,1320
84370,84371,1321
84371,84372,1322
84372,84373,1323
84373,84374,1324
84374,84375,1325
84375,84376,1326
84376,84377,1327
84377,84378,1328
84378,84379,1329
84379,84380,1330
84380,84381,1331
84381,84382,1332
84382,84383,1333
84383,84384,1334
84384,84385,1335
84385,84386,1336
84386,84387,1337
84387,84388,1338
84388,84389,1339
84389,84390,1340
84390,84391,1341
84391,84392,1342
84392,84393,1343
84393,84394,1344
84394,84395,1345
84395,84396,1346
84396,84397,1347
84397,84398,1348
84398,84399,1349
84399,84400,1350
84400,84401,1351
84401,84402,1352
84402,84403,1353
84403,84404,1354
84404,84405,1355
84405,84406,1356
84406,84407,1357
84407,84408,1358
84408,84409,1359
84409,84410,1360
84410,84411,1361
84411,84412,1362
84412,84413,1363
84413,84414,1364
84414,84415,1365
84415,84416,1366
84416,84417,1367
84417,84418,1368
84418,84419,1369
84419,84420,1370
84420,84421,1371
84421,84422,1372
84422,84423,1373
84423,84424,1374
84424,84425,1375
84425,84426,1376
84426,84427,1377
84427,84428,1378
84428,84429,1379
84429,84430,1380
84430,84431,1381
84431,84432,1382
84432,84433,1383
84433,84434,1384
84434,84435,1385
84435,84436,1386
84436,84437,1387
84437,84438,1388
84438,84439,1389
84439,84440,1390
84440,84441,1391
84441,84442,1392
84442,84443,1393
84443,84444,1394
84444,84445,1395
84445,84446,1396
84446,84447,1397
84447,84448,1398
84448,84449,1399
84449,84450,1400
84450,84451,1401
84451,84452,1402
84452,84453,1403
84453,84454,1404
84454,84455,1405
84455,84456,1406
84456,84457,1407
84457,84458,1408
84458,84459,1409
84459,84460,1410
84460,84461,1411
84461,84462,1412
84462,84463,1413
84463,84464,1414
84464,84465,1415
84465,84466,1416
84466,84467,1417
84467,84468,1418
84468,84469,1419
84469,84470,1420
84470,84471,1421
84471,84472,1422
84472,84473,1423
84473,84474,1424
84474,84475,1425
84475,84476,1426
84476,84477,1427
84477,84478,1428
84478,84479,1429
84479,84480,1430
84480,84481,1431
84481,84482,1432
84482,84483,1433
84483,84484,1434
84484,84485,1435
84485,84486,1436
84486,84487,1437
84487,84488,1438
84488,84489,1439
84489,84490,1440
84490,84491,1441
84491,84492,1442
84492,84493,1443
84493,84494,1444
84494,84495,1445
84495,84496,1446
84496,84497,1447
84497,84498,1448
84498,84499,1449
84499,84500,1450
84500,84501,1451
84501,84502,1452
84502,84503,1453
84503,84504,1454
84504,84505,1455
84505,84506,1456
84506,84507,1457
84507,84508,1458
84508,84509,1459
84509,84510,1460
84510,84511,1461
84511,84512,1462
84512,84513,1463
84513,84514,1464
84514,84515,1465
84515,84516,1466
84516,84517,1467
84517,84518,1468
84518,84519,1469
84519,84520,1470
84520,84521,1471
84521,84522,1472
84522,84523,1473
84523,84524,1474
84524,84525,1475
84525,84526,1476
84526,84527,1477
84527,84528,1478
84528,84529,1479
84529,84530,1480
84530,84531,1481
84531,84532,1482
84532,84533,1483
84533,84534,1484
84534,84535,1485
84535,84536,1486
84536,84537,1487
84537,84538,1488
84538,84539,1489
84539,84540,1490
84540,84541,1491
84541,84542,1492
84542,84543,1493
84543,84544,1494
84544,84545,1495
84545,84546,1496
84546,84547,1497
84547,84548,1498
84548,84549,1499
84549,84550,1500
84550,84551,1501
84551,84552,1502
84552,84553,1503
84553,84554,1504
84554,84555,1505
84555,84556,1506
84556,84557,1507
84557,84558,1508
84558,84559,1509
84559,84560,1510
84560,84561,1511
84561,84562,1512
84562,84563,1513
84563,84564,1514
84564,84565,1515
84565,84566,1516
84566,84567,1517
84567,84568,1518
84568,84569,1519
84569,84570,1520
84570,84571,1521
84571,84572,1522
84572,84573,1523
84573,84574,1524
84574,84575,1525
84575,84576,1526
84576,84577,1527
84577,84578,1528
84578,84579,1529
84579,84580,1530
84580,84581,1531
84581,84582,1532
84582,84583,1533
84583,84584,1534
84584,84585,1535
84585,84586,1536
84586,84587,1537
84587,84588,1538
84588,84589,1539
84589,84590,1540
84590,84591,1541
84591,84592,1542
84592,84593,1543
84593,84594,1544
84594,84595,1545
84595,84596,1546
84596,84597,1547
84597,84598,1548
84598,84599,1549
84599,84600,1550
84600,84601,1551
84601,84602,1552
84602,84603,1553
84603,84604,1554
84604,84605,1555
84605,84606,1556
84606,84607,1557
84607,84608,1558
84608,84609,1559
84609,84610,1560
84610,84611,1561
84611,84612,1562
84612,84613,1563
84613,84614,1564
84614,84615,1565
84615,84616,1566
84616,84617,1567
84617,84618,1568
84618,84619,1569
84619,84620,1570
84620,84621,1571
84621,84622,1572
84622,84623,1573
84623,84624,1574
84624,84625,1575
84625,84626,1576
84626,84627,1577
84627,84628,1578
84628,84629,1579
84629,84630,1580
84630,84631,1581
84631,84632,1582
84632,84633,1583
84633,84634,1584
84634,84635,1585
84635,84636,1586
84636,84637,1587
84637,84638,1588
84638,84639,1589
84639,84640,1590
84640,84641,1591
84641,84642,1592
84642,84643,1593
84643,84644,1594
84644,84645,1595
84645,84646,1596
84646,84647,1597
84647,84648,1598
84648,84649,1599
84649,84650,1600
84650,84651,1601
84651,84652,1602
84652,84653,1603
84653,84654,1604
84654,84655,1605
84655,84656,1606
84656,84657,1607
84657,84658,1608
84658,84659,1609
84659,84660,1610
84660,84661,1611
84661,84662,1612
84662,84663,1613
84663,84664,1614
84664,84665,1615
84665,84666,1616
84666,84667,1617
84667,84668,1618
84668,84669,1619
84669,84670,1620
84670,84671,1621
84671,84672,1622
84672,84673,1623
84673,84674,1624
84674,84675,1625
84675,84676,1626
84676,84677,1627
84677,84678,1628
84678,84679,1629
84679,84680,1630
84680,84681,1631
84681,84682,1632
84682,84683,1633
84683,84684,1634
84684,84685,1635
84685,84686,1636
84686,84687,1637
84687,84688,1638
84688,84689,1639
84689,84690,1640
84690,84691,1641
84691,84692,1642
84692,84693,1643
84693,84694,1644
84694,84695,1645
84695,84696,1646
84696,84697,1647
84697,84698,1648
84698,84699,1649
84699,84700,1650
84700,84701,1651
84701,84702,1652
84702,84703,1653
84703,84704,1654
84704,84705,1655
84705,84706,1656
84706,84707,1657
84707,84708,1658
84708,84709,1659
84709,84710,1660
84710,84711,1661
84711,84712,1662
84712,84713,1663
84713,84714,1664
84714,84715,1665
84715,84716,1666
84716,84717,1667
84717,84718,1668
84718,84719,1669
84719,84720,1670
84720,84721,1671
84721,84722,1672
84722,84723,1673
84723,84724,1674
84724,84725,1675
84725,84726,1676
84726,84727,1677
84727,84728,1678
84728,84729,1679
84729,84730,1680
84730,84731,1681
84731,84732,1682
84732,84733,1683
84733,84734,1684
84734,84735,1685
84735,84736,1686
84736,84737,1687
84737,84738,1688
84738,84739,1689
84739,84740,1690
84740,84741,1691
84741,84742,1692
84742,84743,1693
84743,84744,1694
84744,84745,1695
84745,84746,1696
84746,84747,1697
84747,84748,1698
84748,84749,1699
84749,84750,1700
84750,84751,1701
84751,84752,1702
84752,84753,1703
84753,84754,1704
84754,84755,1705
84755,84756,1706
84756,84757,1707
84757,84758,1708
84758,84759,1709
84759,84760,1710
84760,84761,1711
84761,84762,1712
84762,84763,1713
84763,84764,1714
84764,84765,1715
84765,84766,1716
84766,84767,1717
84767,84768,1718
84768,84769,1719
84769,84770,1720
84770,84771,1721
84771,84772,1722
84772,84773,1723
84773,84774,1724
84774,84775,1725
84775,84776,1726
84776,84777,1727
84777,84778,1728
84778,84779,1729
84779,84780,1730
84780,84781,1731
84781,84782,1732
84782,84783,1733
84783,84784,1734
84784,84785,1735
84785,84786,1736
84786,84787,1737
84787,84788,1738
84788,84789,1739
84789,84790,1740
84790,84791,1741
84791,84792,1742
84792,84793,1743
84793,84794,1744
84794,84795,1745
84795,84796,1746
84796,84797,1747
84797,84798,1748
84798,84799,1749
84799,84800,1750
84800,84801,1751
84801,84802,1752
84802,84803,1753
84803,84804,1754
84804,84805,1755
84805,84806,1756
84806,84807,1757
84807,84808,1758
84808,84809,1759
84809,84810,1760
84810,84811,1761
84811,84812,1762
84812,84813,1763
84813,84814,1764
84814,84815,1765
84815,84816,1766
84816,84817,1767
84818,84819,1768
84821,84822,1769
84822,84823,1770
84823,84824,1771
84824,84825,1772
84825,84826,1773
84826,84827,1774
84827,84828,1775
84828,84829,1776
84829,84830,1777
84830,84831,1778
84831,84832,1779
84832,84833,1780
84833,84834,1781
84834,84835,1782
84835,84836,1783
84836,84837,1784
84837,84838,1785
84838,84839,1786
84839,84840,1787
84840,84841,1788
84841,84842,1789
84842,84843,1790
84843,84844,1791
84844,84845,1792
84845,84846,1793
84846,84847,1794
84847,84848,1795
84848,84849,1796
84849,84850,1797
84850,84851,1798
84851,84852,1799
84852,84853,1800
84853,84854,1801
84854,84855,1802
84855,84856,1803
84856,84857,1804
84857,84858,1805
84858,84859,1806
84859,84860,1807
84860,84861,1808
84861,84862,1809
84862,84863,1810
84863,84864,1811
84864,84865,1812
84865,84866,1813
84866,84867,1814
84867,84868,1815
84868,84869,1816
84869,84870,1817
84870,84871,1818
84871,84872,1819
84872,84873,1820
84873,84874,1821
84874,84875,1822
84875,84876,1823
84876,84877,1824
84877,84878,1825
84878,84879,1826
84879,84880,1827
84880,84881,1828
84881,84882,1829
84882,84883,1830
84883,84884,1831
84884,84885,1832
84885,84886,1833
84886,84887,1834
84887,84888,1835
84888,84889,1836
84889,84890,1837
84890,84891,1838
84891,84892,1839
84892,84893,1840
84893,84894,1841
84894,84895,1842
84895,84896,1843
84896,84897,1844
84897,84898,1845
84898,84899,1846
84899,84900,1847
84900,84901,1848
84901,84902,1849
84902,84903,1850
84903,84904,1851
84904,84905,1852
84905,84906,1853
84906,84907,1854
84907,84908,1855
84908,84909,1856
84909,84910,1857
84910,84911,1858
84911,84912,1859
84912,84913,1860
84913,84914,1861
84914,84915,1862
84915,84916,1863
84916,84917,1864
84917,84918,1865
84918,84919,1866
84919,84920,1867
84920,84921,1868
84921,84922,1869
84922,84923,1870
84923,84924,1871
84924,84925,1872
84925,84926,1873
84926,84927,1874
84927,84928,1875
84931,84932,1876
84932,84933,1877
84933,84934,1878
84934,84935,1879
84935,84936,1880
84936,84937,1881
84937,84938,1882
84938,84939,1883
84939,84940,1884
84940,84941,1885
84941,84942,1886
84942,84943,1887
84943,84944,1888
84944,84945,1889
84945,84946,1890
84946,84947,1891
84947,84948,1892
84948,84949,1893
84949,84950,1894
84950,84951,1895
84951,84952,1896
84952,84953,1897
84953,84954,1898
84954,84955,1899
84955,84956,1900
84956,84957,1901
84957,84958,1902
84958,84959,1903
84959,84960,1904
84960,84961,1905
84961,84962,1906
84962,84963,1907
84963,84964,1908
84964,84965,1909
84965,84966,1910
84966,84967,1911
84967,84968,1912
84968,84969,1913
84969,84970,1914
84970,84971,1915
84971,84972,1916
84972,84973,1917
84973,84974,1918
84974,84975,1919
84975,84976,1920
84976,84977,1921
84977,84978,1922
84978,84979,1923
84979,84980,1924
84980,84981,1925
84981,84982,1926
84982,84983,1927
84983,84984,1928
84984,84985,1929
84985,84986,1930
84986,84987,1931
84987,84988,1932
84988,84989,1933
84989,84990,1934
84990,84991,1935
84991,84992,1936
84992,84993,1937
84993,84994,1938
84994,84995,1939
84995,84996,1940
84996,84997,1941
84997,84998,1942
84998,84999,1943
84999,85000,1944
85000,85001,1945
85001,85002,1946
85002,85003,1947
85003,85004,1948
85004,85005,1949
85005,85006,1950
85006,85007,1951
85007,85008,1952
85008,85009,1953
85009,85010,1954
85010,85011,1955
85011,85012,1956
85012,85013,1957
85013,85014,1958
85014,85015,1959
85015,85016,1960
85016,85017,1961
85017,85018,1962
85018,85019,1963
85019,85020,1964
85020,85021,1965
85021,85022,1966
85022,85023,1967
85023,85024,1968
85024,85025,1969
85025,85026,1970
85026,85027,1971
85027,85028,1972
85028,85029,1973
85029,85030,1974
85030,85031,1975
85031,85032,1976
85032,85033,1977
85033,85034,1978
85034,85035,1979
85035,85036,1980
85036,85037,1981
85037,85038,1982
85038,85039,1983
85039,85040,1984
85040,85041,1985
85041,85042,1986
85042,85043,1987
85043,85044,1988
85044,85045,1989
85045,85046,1990
85046,85047,1991
85047,85048,1992
85048,85049,1993
85049,85050,1994
85050,85051,1995
85051,85052,1996
85052,85053,1997
85053,85054,1998
85054,85055,1999
85055,85056,2000
85056,85057,2001
85057,85058,2002
85058,85059,2003
85059,85060,2004
85060,85061,2005
85061,85062,2006
85062,85063,2007
85063,85064,2008
85064,85065,2009
85065,85066,2010
85066,85067,2011
85067,85068,2012
85068,85069,2013
85069,85070,2014
85070,85071,2015
85071,85072,2016
85072,85073,2017
85073,85074,2018
85074,85075,2019
85075,85076,2020
85076,85077,2021
85077,85078,2022
85078,85079,2023
85079,85080,2024
85080,85081,2025
85081,85082,2026
85082,85083,2027
85083,85084,2028
85084,85085,2029
85085,85086,2030
85086,85087,2031
85087,85088,2032
85088,85089,2033
85089,85090,2034
85090,85091,2035
85091,85092,2036
85092,85093,2037
85093,85094,2038
85094,85095,2039
85095,85096,2040
85096,85097,2041
85097,85098,2042
85098,85099,2043
85099,85100,2044
85100,85101,2045
85101,85102,2046
85102,85103,2047
85103,85104,2048
85104,85105,2049
85105,85106,2050
85106,85107,2051
85107,85108,2052
85108,85109,2053
85109,85110,2054
85110,85111,2055
85111,85112,2056
85112,85113,2057
85113,85114,2058
85114,85115,2059
85115,85116,2060
85116,85117,2061
85117,85118,2062
85118,85119,2063
85119,85120,2064
85120,85121,2065
85121,85122,2066
85122,85123,2067
85123,85124,2068
85124,85125,2069
85125,85126,2070
85126,85127,2071
85127,85128,2072
85128,85129,2073
85129,85130,2074
85130,85131,2075
85131,85132,2076
85132,85133,2077
85133,85134,2078
85134,85135,2079
85135,85136,2080
85136,85137,2081
85137,85138,2082
85138,85139,2083
85139,85140,2084
85140,85141,2085
85141,85142,2086
85142,85143,2087
85143,85144,2088
85144,85145,2089
85145,85146,2090
85146,85147,2091
85147,85148,2092
85148,85149,2093
85149,85150,2094
85150,85151,2095
85151,85152,2096
85152,85153,2097
85153,85154,2098
85154,85155,2099
85155,85156,2100
85156,85157,2101
85157,85158,2102
85158,85159,2103
85159,85160,2104
85160,85161,2105
85161,85162,2106
85162,85163,2107
85163,85164,2108
85164,85165,2109
85165,85166,2110
85166,85167,2111
85167,85168,2112
85168,85169,2113
85169,85170,2114
85170,85171,2115
85171,85172,2116
85172,85173,2117
85173,85174,2118
85174,85175,2119
85175,85176,2120
85176,85177,2121
85177,85178,2122
85178,85179,2123
85179,85180,2124
85180,85181,2125
85181,85182,2126
85182,85183,2127
85183,85184,2128
85184,85185,2129
85185,85186,2130
85186,85187,2131
85187,85188,2132
85188,85189,2133
85189,85190,2134
85190,85191,2135
85191,85192,2136
85192,85193,2137
85193,85194,2138
85194,85195,2139
85195,85196,2140
85196,85197,2141
85197,85198,2142
85198,85199,2143
85199,85200,2144
85200,85201,2145
85201,85202,2146
85202,85203,2147
85203,85204,2148
85204,85205,2149
85205,85206,2150
85206,85207,2151
85207,85208,2152
85208,85209,2153
85209,85210,2154
85210,85211,2155
85211,85212,2156
85212,85213,2157
85213,85214,2158
85214,85215,2159
85215,85216,2160
85216,85217,2161
85217,85218,2162
85218,85219,2163
85219,85220,2164
85220,85221,2165
85221,85222,2166
85222,85223,2167
85223,85224,2168
85224,85225,2169
85225,85226,2170
85226,85227,2171
85227,85228,2172
85228,85229,2173
85229,85230,2174
85230,85231,2175
85231,85232,2176
85232,85233,2177
85233,85234,2178
85234,85235,2179
85235,85236,2180
85236,85237,2181
85237,85238,2182
85238,85239,2183
85239,85240,2184
85240,85241,2185
85241,85242,2186
85242,85243,2187
85243,85244,2188
85244,85245,2189
85245,85246,2190
85246,85247,2191
85247,85248,2192
85248,85249,2193
85249,85250,2194
85250,85251,2195
85251,85252,2196
85252,85253,2197
85253,85254,2198
85254,85255,2199
85255,85256,2200
85256,85257,2201
85257,85258,2202
85258,85259,2203
85259,85260,2204
85260,85261,2205
85261,85262,2206
85262,85263,2207
85263,85264,2208
85264,85265,2209
85265,85266,2210
85266,85267,2211
85267,85268,2212
85268,85269,2213
85269,85270,2214
85270,85271,2215
85271,85272,2216
85272,85273,2217
85273,85274,2218
85274,85275,2219
85275,85276,2220
85276,85277,2221
85277,85278,2222
85278,85279,2223
85279,85280,2224
85280,85281,2225
85281,85282,2226
85282,85283,2227
85283,85284,2228
85284,85285,2229
85285,85286,2230
85286,85287,2231
85287,85288,2232
85288,85289,2233
85289,85290,2234
85290,85291,2235
85291,85292,2236
85292,85293,2237
85293,85294,2238
85294,85295,2239
85295,85296,2240
85296,85297,2241
85297,85298,2242
85298,85299,2243
85299,85300,2244
85300,85301,2245
85301,85302,2246
85302,85303,2247
85303,85304,2248
85304,85305,2249
85305,85306,2250
85306,85307,2251
85307,85308,2252
85308,85309,2253
85309,85310,2254
85310,85311,2255
85311,85312,2256
85312,85313,2257
85313,85314,2258
85314,85315,2259
85315,85316,2260
85316,85317,2261
85317,85318,2262
85318,85319,2263
85319,85320,2264
85320,85321,2265
85321,85322,2266
85322,85323,2267
85323,85324,2268
85324,85325,2269
85325,85326,2270
85326,85327,2271
85327,85328,2272
85328,85329,2273
85329,85330,2274
85330,85331,2275
85331,85332,2276
85332,85333,2277
85333,85334,2278
85334,85335,2279
85335,85336,2280
85336,85337,2281
85337,85338,2282
85338,85339,2283
85339,85340,2284
85340,85341,2285
85341,85342,2286
85342,85343,2287
85343,85344,2288
85344,85345,2289
85345,85346,2290
85346,85347,2291
85347,85348,2292
85348,85349,2293
85349,85350,2294
85350,85351,2295
85351,85352,2296
85352,85353,2297
85353,85354,2298
85354,85355,2299
85355,85356,2300
85356,85357,2301
85357,85358,2302
85358,85359,2303
85359,85360,2304
85360,85361,2305
85361,85362,2306
85362,85363,2307
85363,85364,2308
85364,85365,2309
85365,85366,2310
85366,85367,2311
85367,85368,2312
85368,85369,2313
85369,85370,2314
85370,85371,2315
85371,85372,2316
85372,85373,2317
85373,85374,2318
85374,85375,2319
85375,85376,2320
85376,85377,2321
85377,85378,2322
85378,85379,2323
85379,85380,2324
85380,85381,2325
85381,85382,2326
85382,85383,2327
85383,85384,2328
85384,85385,2329
85385,85386,2330
85386,85387,2331
85387,85388,2332
85388,85389,2333
85389,85390,2334
85390,85391,2335
85391,85392,2336
85392,85393,2337
85393,85394,2338
85394,85395,2339
85395,85396,2340
85396,85397,2341
85397,85398,2342
85398,85399,2343
85399,85400,2344
85400,85401,2345
85401,85402,2346
85402,85403,2347
85403,85404,2348
85404,85405,2349
85405,85406,2350
85406,85407,2351
85407,85408,2352
85408,85409,2353
85409,85410,2354
85410,85411,2355
85411,85412,2356
85412,85413,2357
85413,85414,2358
85414,85415,2359
85415,85416,2360
85416,85417,2361
85417,85418,2362
85418,85419,2363
85419,85420,2364
85420,85421,2365
85421,85422,2366
85422,85423,2367
85423,85424,2368
85424,85425,2369
85425,85426,2370
85426,85427,2371
85427,85428,2372
85428,85429,2373
85429,85430,2374
85430,85431,2375
85431,85432,2376
85432,85433,2377
85433,85434,2378
85434,85435,2379
85435,85436,2380
85436,85437,2381
85437,85438,2382
85438,85439,2383
85439,85440,2384
85440,85441,2385
85441,85442,2386
85442,85443,2387
85443,85444,2388
85444,85445,2389
85445,85446,2390
85446,85447,2391
85447,85448,2392
85448,85449,2393
85449,85450,2394
85450,85451,2395
85451,85452,2396
85452,85453,2397
85453,85454,2398
85454,85455,2399
85455,85456,2400
85456,85457,2401
85457,85458,2402
85458,85459,2403
85459,85460,2404
85460,85461,2405
85461,85462,2406
85462,85463,2407
85463,85464,2408
85464,85465,2409
85465,85466,2410
85466,85467,2411
85467,85468,2412
85468,85469,2413
85469,85470,2414
85470,85471,2415
85471,85472,2416
85472,85473,2417
85473,85474,2418
85474,85475,2419
85475,85476,2420
85476,85477,2421
85477,85478,2422
85478,85479,2423
85479,85480,2424
85480,85481,2425
85481,85482,2426
85482,85483,2427
85483,85484,2428
85484,85485,2429
85485,85486,2430
85486,85487,2431
85487,85488,2432
85488,85489,2433
85489,85490,2434
85490,85491,2435
85491,85492,2436
85492,85493,2437
85493,85494,2438
85494,85495,2439
85495,85496,2440
85496,85497,2441
85497,85498,2442
85498,85499,2443
85499,85500,2444
85500,85501,2445
85501,85502,2446
85502,85503,2447
85503,85504,2448
85504,85505,2449
85505,85506,2450
85506,85507,2451
85507,85508,2452
85508,85509,2453
85509,85510,2454
85510,85511,2455
85511,85512,2456
85512,85513,2457
85513,85514,2458
85514,85515,2459
85515,85516,2460
85516,85517,2461
85517,85518,2462
85518,85519,2463
85519,85520,2464
85520,85521,2465
85521,85522,2466
85522,85523,2467
85523,85524,2468
85524,85525,2469
85525,85526,2470
85526,85527,2471
85527,85528,2472
85528,85529,2473
85529,85530,2474
85530,85531,2475
85531,85532,2476
85532,85533,2477
85533,85534,2478
85534,85535,2479
85535,85536,2480
85536,85537,2481
85537,85538,2482
85538,85539,2483
85539,85540,2484
85540,85541,2485
85541,85542,2486
85542,85543,2487
85543,85544,2488
85544,85545,2489
85545,85546,2490
85546,85547,2491
85547,85548,2492
85548,85549,2493
85549,85550,2494
85550,85551,2495
85551,85552,2496
85552,85553,2497
85553,85554,2498
85554,85555,2499
85555,85556,2500
85556,85557,2501
85557,85558,2502
85558,85559,2503
85559,85560,2504
85560,85561,2505
85561,85562,2506
85562,85563,2507
85563,85564,2508
85564,85565,2509
85565,85566,2510
85566,85567,2511
85567,85568,2512
85568,85569,2513
85569,85570,2514
85570,85571,2515
85571,85572,2516
85572,85573,2517
85573,85574,2518
85574,85575,2519
85575,85576,2520
85576,85577,2521
85577,85578,2522
85578,85579,2523
85579,85580,2524
85580,85581,2525
85581,85582,2526
85582,85583,2527
85583,85584,2528
85584,85585,2529
85585,85586,2530
85586,85587,2531
85587,85588,2532
85588,85589,2533
85589,85590,2534
85590,85591,2535
85591,85592,2536
85592,85593,2537
85593,85594,2538
85594,85595,2539
85595,85596,2540
85596,85597,2541
85597,85598,2542
85598,85599,2543
85599,85600,2544
85600,85601,2545
85601,85602,2546
85602,85603,2547
85603,85604,2548
85604,85605,2549
85605,85606,2550
85606,85607,2551
85607,85608,2552
85608,85609,2553
85609,85610,2554
85610,85611,2555
85611,85612,2556
85612,85613,2557
85613,85614,2558
85614,85615,2559
85615,85616,2560
85616,85617,2561
85617,85618,2562
85618,85619,2563
85619,85620,2564
85620,85621,2565
85621,85622,2566
85622,85623,2567
85623,85624,2568
85624,85625,2569
85625,85626,2570
85626,85627,2571
85627,85628,2572
85628,85629,2573
85629,85630,2574
85630,85631,2575
85631,85632,2576
85632,85633,2577
85633,85634,2578
85634,85635,2579
85635,85636,2580
85636,85637,2581
85637,85638,2582
85638,85639,2583
85639,85640,2584
85640,85641,2585
85641,85642,2586
85642,85643,2587
85643,85644,2588
85644,85645,2589
85645,85646,2590
85646,85647,2591
85647,85648,2592
85648,85649,2593
85649,85650,2594
85650,85651,2595
85651,85652,2596
85652,85653,2597
85653,85654,2598
85654,85655,2599
85655,85656,2600
85656,85657,2601
85657,85658,2602
85658,85659,2603
85659,85660,2604
85660,85661,2605
85661,85662,2606
85662,85663,2607
85663,85664,2608
85664,85665,2609
85665,85666,2610
85666,85667,2611
85667,85668,2612
85668,85669,2613
85669,85670,2614
85670,85671,2615
85671,85672,2616
85672,85673,2617
85673,85674,2618
85674,85675,2619
85675,85676,2620
85676,85677,2621
85677,85678,2622
85678,85679,2623
85679,85680,2624
85680,85681,2625
85681,85682,2626
85682,85683,2627
85683,85684,2628
85684,85685,2629
85685,85686,2630
85686,85687,2631
85687,85688,2632
85688,85689,2633
85689,85690,2634
85690,85691,2635
85691,85692,2636
85692,85693,2637
85693,85694,2638
85694,85695,2639
85695,85696,2640
85696,85697,2641
85697,85698,2642
85698,85699,2643
85699,85700,2644
85700,85701,2645
85701,85702,2646
85702,85703,2647
85703,85704,2648
85704,85705,2649
85705,85706,2650
85706,85707,2651
85707,85708,2652
85708,85709,2653
85709,85710,2654
85710,85711,2655
85711,85712,2656
85712,85713,2657
85713,85714,2658
85714,85715,2659
85715,85716,2660
85716,85717,2661
85717,85718,2662
85718,85719,2663
85719,85720,2664
85720,85721,2665
85721,85722,2666
85722,85723,2667
85723,85724,2668
85724,85725,2669
85725,85726,2670
85726,85727,2671
85727,85728,2672
85728,85729,2673
85729,85730,2674
85730,85731,2675
85731,85732,2676
85732,85733,2677
85733,85734,2678
85734,85735,2679
85735,85736,2680
85736,85737,2681
85737,85738,2682
85738,85739,2683
85739,85740,2684
85740,85741,2685
85741,85742,2686
85742,85743,2687
85743,85744,2688
85744,85745,2689
85745,85746,2690
85746,85747,2691
85747,85748,2692
85748,85749,2693
85749,85750,2694
85750,85751,2695
85751,85752,2696
85752,85753,2697
85753,85754,2698
85754,85755,2699
85755,85756,2700
85756,85757,2701
85757,85758,2702
85758,85759,2703
85759,85760,2704
85760,85761,2705
85761,85762,2706
85762,85763,2707
85763,85764,2708
85764,85765,2709
85765,85766,2710
85766,85767,2711
85767,85768,2712
85768,85769,2713
85769,85770,2714
85770,85771,2715
85771,85772,2716
85772,85773,2717
85773,85774,2718
85774,85775,2719
85775,85776,2720
85776,85777,2721
85777,85778,2722
85778,85779,2723
85779,85780,2724
85780,85781,2725
85781,85782,2726
85782,85783,2727
85783,85784,2728
85784,85785,2729
85785,85786,2730
85786,85787,2731
85787,85788,2732
85788,85789,2733
85789,85790,2734
85790,85791,2735
85791,85792,2736
85792,85793,2737
85793,85794,2738
85794,85795,2739
85795,85796,2740
85796,85797,2741
85797,85798,2742
85798,85799,2743
85799,85800,2744
85800,85801,2745
85801,85802,2746
85802,85803,2747
85803,85804,2748
85804,85805,2749
85805,85806,2750
85806,85807,2751
85807,85808,2752
85808,85809,2753
85809,85810,2754
85810,85811,2755
85811,85812,2756
85812,85813,2757
85813,85814,2758
85814,85815,2759
85815,85816,2760
85816,85817,2761
85817,85818,2762
85818,85819,2763
85819,85820,2764
85820,85821,2765
85821,85822,2766
85822,85823,2767
85823,85824,2768
85824,85825,2769
85825,85826,2770
85826,85827,2771
85827,85828,2772
85828,85829,2773
85829,85830,2774
85830,85831,2775
85831,85832,2776
85832,85833,2777
85833,85834,2778
85834,85835,2779
85835,85836,2780
85836,85837,2781
85837,85838,2782
85838,85839,2783
85839,85840,2784
85840,85841,2785
85841,85842,2786
85842,85843,2787
85843,85844,2788
85844,85845,2789
85845,85846,2790
85846,85847,2791
85847,85848,2792
85848,85849,2793
85849,85850,2794
85850,85851,2795
85851,85852,2796
85852,85853,2797
85853,85854,2798
85854,85855,2799
85855,85856,2800
85856,85857,2801
85857,85858,2802
85858,85859,2803
85859,85860,2804
85860,85861,2805
85861,85862,2806
85862,85863,2807
85863,85864,2808
85864,85865,2809
85865,85866,2810
85866,85867,2811
85867,85868,2812
85868,85869,2813
85869,85870,2814
85870,85871,2815
85871,85872,2816
85872,85873,2817
85873,85874,2818
85874,85875,2819
85875,85876,2820
85876,85877,2821
85877,85878,2822
85878,85879,2823
85879,85880,2824
85880,85881,2825
85881,85882,2826
85882,85883,2827
85883,85884,2828
85884,85885,2829
85885,85886,2830
85886,85887,2831
85887,85888,2832
85888,85889,2833
85889,85890,2834
85890,85891,2835
85891,85892,2836
85892,85893,2837
85893,85894,2838
85894,85895,2839
85895,85896,2840
85896,85897,2841
85897,85898,2842
85898,85899,2843
85899,85900,2844
85900,85901,2845
85901,85902,2846
85902,85903,2847
85903,85904,2848
85904,85905,2849
85905,85906,2850
85906,85907,2851
85907,85908,2852
85908,85909,2853
85909,85910,2854
85910,85911,2855
85911,85912,2856
85912,85913,2857
85913,85914,2858
85914,85915,2859
85915,85916,2860
85916,85917,2861
85917,85918,2862
85918,85919,2863
85919,85920,2864
85920,85921,2865
85921,85922,2866
85922,85923,2867
85923,85924,2868
85924,85925,2869
85925,85926,2870
85926,85927,2871
85927,85928,2872
85928,85929,2873
85929,85930,2874
85930,85931,2875
85931,85932,2876
85932,85933,2877
85933,85934,2878
85934,85935,2879
85935,85936,2880
85936,85937,2881
85937,85938,2882
85938,85939,2883
85939,85940,2884
85940,85941,2885
85941,85942,2886
85942,85943,2887
85943,85944,2888
85944,85945,2889
85945,85946,2890
85946,85947,2891
85947,85948,2892
85948,85949,2893
85949,85950,2894
85950,85951,2895
85951,85952,2896
85952,85953,2897
85953,85954,2898
85954,85955,2899
85955,85956,2900
85956,85957,2901
85957,85958,2902
85958,85959,2903
85959,85960,2904
85960,85961,2905
85961,85962,2906
85962,85963,2907
85963,85964,2908
85964,85965,2909
85965,85966,2910
85966,85967,2911
85967,85968,2912
85968,85969,2913
85969,85970,2914
85970,85971,2915
85971,85972,2916
85972,85973,2917
85973,85974,2918
85974,85975,2919
85975,85976,2920
85976,85977,2921
85977,85978,2922
85978,85979,2923
85979,85980,2924
85980,85981,2925
85981,85982,2926
85982,85983,2927
85983,85984,2928
85984,85985,2929
85985,85986,2930
85986,85987,2931
85987,85988,2932
85988,85989,2933
85989,85990,2934
85990,85991,2935
85991,85992,2936
85992,85993,2937
85993,85994,2938
85994,85995,2939
85995,85996,2940
85996,85997,2941
85997,85998,2942
85998,85999,2943
85999,86000,2944
86000,86001,2945
86001,86002,2946
86002,86003,2947
86003,86004,2948
86004,86005,2949
86005,86006,2950
86006,86007,2951
86007,86008,2952
86008,86009,2953
86009,86010,2954
86010,86011,2955
86011,86012,2956
86012,86013,2957
86013,86014,2958
86014,86015,2959
86015,86016,2960
86016,86017,2961
86017,86018,2962
86018,86019,2963
86019,86020,2964
86020,86021,2965
86021,86022,2966
86022,86023,2967
86023,86024,2968
86024,86025,2969
86025,86026,2970
86026,86027,2971
86027,86028,2972
86028,86029,2973
86029,86030,2974
86030,86031,2975
86031,86032,2976
86032,86033,2977
86033,86034,2978
86034,86035,2979
86035,86036,2980
86036,86037,2981
86037,86038,2982
86038,86039,2983
86039,86040,2984
86040,86041,2985
86041,86042,2986
86042,86043,2987
86043,86044,2988
86044,86045,2989
86045,86046,2990
86046,86047,2991
86047,86048,2992
86048,86049,2993
86049,86050,2994
86050,86051,2995
86051,86052,2996
86052,86053,2997
86053,86054,2998
86054,86055,2999
86055,86056,3000
86056,86057,3001
86057,86058,3002
86058,86059,3003
86059,86060,3004
86060,86061,3005
86061,86062,3006
86062,86063,3007
86063,86064,3008
86064,86065,3009
86065,86066,3010
86066,86067,3011
86067,86068,3012
86068,86069,3013
86069,86070,3014
86070,86071,3015
86071,86072,3016
86072,86073,3017
86073,86074,3018
86074,86075,3019
86075,86076,3020
86076,86077,3021
86077,86078,3022
86078,86079,3023
86079,86080,3024
86080,86081,3025
86081,86082,3026
86082,86083,3027
86083,86084,3028
86084,86085,3029
86085,86086,3030
86086,86087,3031
86087,86088,3032
86088,86089,3033
86089,86090,3034
86090,86091,3035
86091,86092,3036
86092,86093,3037
86093,86094,3038
86094,86095,3039
86095,86096,3040
86096,86097,3041
86097,86098,3042
86098,86099,3043
86099,86100,3044
86100,86101,3045
86101,86102,3046
86102,86103,3047
86103,86104,3048
86104,86105,3049
86105,86106,3050
86106,86107,3051
86107,86108,3052
86108,86109,3053
86109,86110,3054
86110,86111,3055
86111,86112,3056
86112,86113,3057
86113,86114,3058
86114,86115,3059
86115,86116,3060
86116,86117,3061
86117,86118,3062
86118,86119,3063
86119,86120,3064
86120,86121,3065
86121,86122,3066
86122,86123,3067
86123,86124,3068
86124,86125,3069
86125,86126,3070
86126,86127,3071
86127,86128,3072
86128,86129,3073
86129,86130,3074
86130,86131,3075
86131,86132,3076
86132,86133,3077
86133,86134,3078
86134,86135,3079
86135,86136,3080
86136,86137,3081
86137,86138,3082
86138,86139,3083
86139,86140,3084
86140,86141,3085
86141,86142,3086
86142,86143,3087
86143,86144,3088
86144,86145,3089
86145,86146,3090
86146,86147,3091
86147,86148,3092
86148,86149,3093
86149,86150,3094
86150,86151,3095
86151,86152,3096
86152,86153,3097
86153,86154,3098
86154,86155,3099
86155,86156,3100
86156,86157,3101
86157,86158,3102
86158,86159,3103
86159,86160,3104
86160,86161,3105
86161,86162,3106
86162,86163,3107
86163,86164,3108
86164,86165,3109
86165,86166,3110
86166,86167,3111
86167,86168,3112
86168,86169,3113
86169,86170,3114
86170,86171,3115
86171,86172,3116
86172,86173,3117
86173,86174,3118
86174,86175,3119
86175,86176,3120
86176,86177,3121
86177,86178,3122
86178,86179,3123
86179,86180,3124
86180,86181,3125
86181,86182,3126
86182,86183,3127
86183,86184,3128
86184,86185,3129
86185,86186,3130
86186,86187,3131
86187,86188,3132
86188,86189,3133
86189,86190,3134
86190,86191,3135
86191,86192,3136
86192,86193,3137
86193,86194,3138
86194,86195,3139
86195,86196,3140
86196,86197,3141
86197,86198,3142
86198,86199,3143
86199,86200,3144
86200,86201,3145
86201,86202,3146
86202,86203,3147
86203,86204,3148
86204,86205,3149
86205,86206,3150
86206,86207,3151
86207,86208,3152
86208,86209,3153
86209,86210,3154
86210,86211,3155
86211,86212,3156
86212,86213,3157
86213,86214,3158
86214,86215,3159
86215,86216,3160
86216,86217,3161
86217,86218,3162
86218,86219,3163
86219,86220,3164
86220,86221,3165
86221,86222,3166
86222,86223,3167
86223,86224,3168
86224,86225,3169
86225,86226,3170
86226,86227,3171
86227,86228,3172
86228,86229,3173
86229,86230,3174
86230,86231,3175
86231,86232,3176
86232,86233,3177
86233,86234,3178
86234,86235,3179
86235,86236,3180
86236,86237,3181
86237,86238,3182
86238,86239,3183
86239,86240,3184
86240,86241,3185
86241,86242,3186
86242,86243,3187
86243,86244,3188
86244,86245,3189
86245,86246,3190
86246,86247,3191
86247,86248,3192
86248,86249,3193
86249,86250,3194
86250,86251,3195
86251,86252,3196
86252,86253,3197
86253,86254,3198
86254,86255,3199
86255,86256,3200
86256,86257,3201
86257,86258,3202
86258,86259,3203
86259,86260,3204
86260,86261,3205
86261,86262,3206
86262,86263,3207
86263,86264,3208
86264,86265,3209
86265,86266,3210
86266,86267,3211
86267,86268,3212
86268,86269,3213
86269,86270,3214
86270,86271,3215
86271,86272,3216
86272,86273,3217
86273,86274,3218
86274,86275,3219
86275,86276,3220
86276,86277,3221
86277,86278,3222
86278,86279,3223
86279,86280,3224
86280,86281,3225
86281,86282,3226
86282,86283,3227
86283,86284,3228
86284,86285,3229
86285,86286,3230
86286,86287,3231
86287,86288,3232
86288,86289,3233
86289,86290,3234
86290,86291,3235
86291,86292,3236
86292,86293,3237
86293,86294,3238
86294,86295,3239
86295,86296,3240
86296,86297,3241
86297,86298,3242
86298,86299,3243
86299,86300,3244
86300,86301,3245
86301,86302,3246
86302,86303,3247
86303,86304,3248
86304,86305,3249
86305,86306,3250
86306,86307,3251
86307,86308,3252
86308,86309,3253
86309,86310,3254
86310,86311,3255
86311,86312,3256
86312,86313,3257
86313,86314,3258
86314,86315,3259
86315,86316,3260
86316,86317,3261
86317,86318,3262
86318,86319,3263
86319,86320,3264
86320,86321,3265
86321,86322,3266
86322,86323,3267
86323,86324,3268
86324,86325,3269
86325,86326,3270
86326,86327,3271
86327,86328,3272
86328,86329,3273
86329,86330,3274
86330,86331,3275
86331,86332,3276
86332,86333,3277
86333,86334,3278
86334,86335,3279
86335,86336,3280
86336,86337,3281
86337,86338,3282
86338,86339,3283
86339,86340,3284
86340,86341,3285
86341,86342,3286
86342,86343,3287
86343,86344,3288
86344,86345,3289
86345,86346,3290
86346,86347,3291
86347,86348,3292
86348,86349,3293
86349,86350,3294
86350,86351,3295
86351,86352,3296
86352,86353,3297
86353,86354,3298
86354,86355,3299
86355,86356,3300
86356,86357,3301
86357,86358,3302
86358,86359,3303
86359,86360,3304
86360,86361,3305
86361,86362,3306
86362,86363,3307
86363,86364,3308
86364,86365,3309
86365,86366,3310
86366,86367,3311
86367,86368,3312
86368,86369,3313
86369,86370,3314
86370,86371,3315
86371,86372,3316
86372,86373,3317
86373,86374,3318
86374,86375,3319
86375,86376,3320
86376,86377,3321
86377,86378,3322
86378,86379,3323
86379,86380,3324
86380,86381,3325
86381,86382,3326
86382,86383,3327
86383,86384,3328
86384,86385,3329
86385,86386,3330
86386,86387,3331
86387,86388,3332
86388,86389,3333
86389,86390,3334
86390,86391,3335
86391,86392,3336
86392,86393,3337
86393,86394,3338
86394,86395,3339
86395,86396,3340
86396,86397,3341
86397,86398,3342
86398,86399,3343
86399,86400,3344
86400,86401,3345
86401,86402,3346
86402,86403,3347
86403,86404,3348
86404,86405,3349
86405,86406,3350
86406,86407,3351
86407,86408,3352
86408,86409,3353
86409,86410,3354
86410,86411,3355
86411,86412,3356
86412,86413,3357
86413,86414,3358
86414,86415,3359
86415,86416,3360
86416,86417,3361
86417,86418,3362
86418,86419,3363
86419,86420,3364
86420,86421,3365
86421,86422,3366
86422,86423,3367
86423,86424,3368
86424,86425,3369
86425,86426,3370
86426,86427,3371
86427,86428,3372
86428,86429,3373
86429,86430,3374
86430,86431,3375
86431,86432,3376
86432,86433,3377
86433,86434,3378
86434,86435,3379
86435,86436,3380
86436,86437,3381
86437,86438,3382
86438,86439,3383
86439,86440,3384
86440,86441,3385
86441,86442,3386
86442,86443,3387
86443,86444,3388
86444,86445,3389
86445,86446,3390
86446,86447,3391
86447,86448,3392
86448,86449,3393
86449,86450,3394
86450,86451,3395
86451,86452,3396
86452,86453,3397
86453,86454,3398
86454,86455,3399
86455,86456,3400
86456,86457,3401
86457,86458,3402
86458,86459,3403
86459,86460,3404
86460,86461,3405
86461,86462,3406
86462,86463,3407
86463,86464,3408
86464,86465,3409
86465,86466,3410
86466,86467,3411
86467,86468,3412
86468,86469,3413
86469,86470,3414
86470,86471,3415
86471,86472,3416
86472,86473,3417
86473,86474,3418
86474,86475,3419
86475,86476,3420
86476,86477,3421
86477,86478,3422
86478,86479,3423
86479,86480,3424
86480,86481,3425
86481,86482,3426
86482,86483,3427
86483,86484,3428
86484,86485,3429
86485,86486,3430
86486,86487,3431
86487,86488,3432
86488,86489,3433
86489,86490,3434
86490,86491,3435
86491,86492,3436
86492,86493,3437
86493,86494,3438
86494,86495,3439
86495,86496,3440
86496,86497,3441
86497,86498,3442
86498,86499,3443
86499,86500,3444
86500,86501,3445
86501,86502,3446
86502,86503,3447
86503,86504,3448
86504,86505,3449
86505,86506,3450
86506,86507,3451
86507,86508,3452
86508,86509,3453
86509,86510,3454
86510,86511,3455
86511,86512,3456
86512,86513,3457
86513,86514,3458
86514,86515,3459
86515,86516,3460
86516,86517,3461
86517,86518,3462
86518,86519,3463
86519,86520,3464
86520,86521,3465
86521,86522,3466
86522,86523,3467
86523,86524,3468
86524,86525,3469
86525,86526,3470
86526,86527,3471
86527,86528,3472
86528,86529,3473
86529,86530,3474
86530,86531,3475
86531,86532,3476
86532,86533,3477
86533,86534,3478
86534,86535,3479
86535,86536,3480
86536,86537,3481
86537,86538,3482
86538,86539,3483
86539,86540,3484
86540,86541,3485
86541,86542,3486
86542,86543,3487
86543,86544,3488
86544,86545,3489
86545,86546,3490
86546,86547,3491
86547,86548,3492
86548,86549,3493
86549,86550,3494
86550,86551,3495
86551,86552,3496
86552,86553,3497
86553,86554,3498
86554,86555,3499
86555,86556,3500
86556,86557,3501
86557,86558,3502
86558,86559,3503
86559,86560,3504
86560,86561,3505
86561,86562,3506
86562,86563,3507
86563,86564,3508
86564,86565,3509
86565,86566,3510
86566,86567,3511
86567,86568,3512
86568,86569,3513
86569,86570,3514
86570,86571,3515
86571,86572,3516
86572,86573,3517
86573,86574,3518
86574,86575,3519
86575,86576,3520
86576,86577,3521
86577,86578,3522
86578,86579,3523
86579,86580,3524
86580,86581,3525
86581,86582,3526
86582,86583,3527
86583,86584,3528
86584,86585,3529
86585,86586,3530
86586,86587,3531
86587,86588,3532
86588,86589,3533
86589,86590,3534
86590,86591,3535
86591,86592,3536
86592,86593,3537
86593,86594,3538
86594,86595,3539
86595,86596,3540
86596,86597,3541
86597,86598,3542
86598,86599,3543
86599,86600,3544
86600,86601,3545
86601,86602,3546
86602,86603,3547
86603,86604,3548
86604,86605,3549
86605,86606,3550
86606,86607,3551
86607,86608,3552
86608,86609,3553
86609,86610,3554
86610,86611,3555
86611,86612,3556
86612,86613,3557
86613,86614,3558
86614,86615,3559
86615,86616,3560
86616,86617,3561
86617,86618,3562
86618,86619,3563
86619,86620,3564
86620,86621,3565
86621,86622,3566
86622,86623,3567
86623,86624,3568
86624,86625,3569
86625,86626,3570
86626,86627,3571
86627,86628,3572
86628,86629,3573
86629,86630,3574
86630,86631,3575
86631,86632,3576
86632,86633,3577
86633,86634,3578
86634,86635,3579
86635,86636,3580
86636,86637,3581
86637,86638,3582
86638,86639,3583
86639,86640,3584
86640,86641,3585
86641,86642,3586
86642,86643,3587
86643,86644,3588
86644,86645,3589
86645,86646,3590
86646,86647,3591
86647,86648,3592
86648,86649,3593
86649,86650,3594
86650,86651,3595
86651,86652,3596
86652,86653,3597
86653,86654,3598
86654,86655,3599
86655,86656,3600
86656,86657,3601
86657,86658,3602
86658,86659,3603
86659,86660,3604
86660,86661,3605
86661,86662,3606
86662,86663,3607
86663,86664,3608
86664,86665,3609
86665,86666,3610
86666,86667,3611
86667,86668,3612
86668,86669,3613
86669,86670,3614
86670,86671,3615
86671,86672,3616
86672,86673,3617
86673,86674,3618
86674,86675,3619
86675,86676,3620
86676,86677,3621
86677,86678,3622
86678,86679,3623
86679,86680,3624
86680,86681,3625
86681,86682,3626
86682,86683,3627
86683,86684,3628
86684,86685,3629
86685,86686,3630
86686,86687,3631
86687,86688,3632
86688,86689,3633
86689,86690,3634
86690,86691,3635
86691,86692,3636
86692,86693,3637
86693,86694,3638
86694,86695,3639
86695,86696,3640
86696,86697,3641
86697,86698,3642
86698,86699,3643
86699,86700,3644
86700,86701,3645
86701,86702,3646
86702,86703,3647
86703,86704,3648
86704,86705,3649
86705,86706,3650
86706,86707,3651
86707,86708,3652
86708,86709,3653
86709,86710,3654
86710,86711,3655
86711,86712,3656
86712,86713,3657
86713,86714,3658
86714,86715,3659
86715,86716,3660
86716,86717,3661
86717,86718,3662
86718,86719,3663
86719,86720,3664
86720,86721,3665
86721,86722,3666
86722,86723,3667
86723,86724,3668
86724,86725,3669
86725,86726,3670
86726,86727,3671
86727,86728,3672
86728,86729,3673
86729,86730,3674
86730,86731,3675
86731,86732,3676
86732,86733,3677
86733,86734,3678
86734,86735,3679
86735,86736,3680
86736,86737,3681
86737,86738,3682
86738,86739,3683
86739,86740,3684
86740,86741,3685
86741,86742,3686
86742,86743,3687
86743,86744,3688
86744,86745,3689
86745,86746,3690
86746,86747,3691
86747,86748,3692
86748,86749,3693
86749,86750,3694
86750,86751,3695
86751,86752,3696
86752,86753,3697
86753,86754,3698
86754,86755,3699
86755,86756,3700
86756,86757,3701
86757,86758,3702
86758,86759,3703
86759,86760,3704
86760,86761,3705
86761,86762,3706
86762,86763,3707
86763,86764,3708
86764,86765,3709
86765,86766,3710
86766,86767,3711
86767,86768,3712
86768,86769,3713
86769,86770,3714
86770,86771,3715
86771,86772,3716
86772,86773,3717
86773,86774,3718
86774,86775,3719
86775,86776,3720
86776,86777,3721
86777,86778,3722
86778,86779,3723
86779,86780,3724
86780,86781,3725
86781,86782,3726
86782,86783,3727
86783,86784,3728
86784,86785,3729
86785,86786,3730
86786,86787,3731
86787,86788,3732
86788,86789,3733
86789,86790,3734
86790,86791,3735
86791,86792,3736
86792,86793,3737
86793,86794,3738
86794,86795,3739
86795,86796,3740
86796,86797,3741
86797,86798,3742
86798,86799,3743
86799,86800,3744
86800,86801,3745
86801,86802,3746
86802,86803,3747
86803,86804,3748
86804,86805,3749
86805,86806,3750
86806,86807,3751
86807,86808,3752
86808,86809,3753
86809,86810,3754
86810,86811,3755
86811,86812,3756
86812,86813,3757
86813,86814,3758
86814,86815,3759
86815,86816,3760
86816,86817,3761
86817,86818,3762
86818,86819,3763
86819,86820,3764
86820,86821,3765
86821,86822,3766
86822,86823,3767
86823,86824,3768
86824,86825,3769
86825,86826,3770
86826,86827,3771
86827,86828,3772
86828,86829,3773
86829,86830,3774
86830,86831,3775
86831,86832,3776
86832,86833,3777
86833,86834,3778
86834,86835,3779
86835,86836,3780
86836,86837,3781
86837,86838,3782
86838,86839,3783
86839,86840,3784
86840,86841,3785
86841,86842,3786
86842,86843,3787
86843,86844,3788
86844,86845,3789
86845,86846,3790
86846,86847,3791
86847,86848,3792
86848,86849,3793
86849,86850,3794
86850,86851,3795
86851,86852,3796
86852,86853,3797
86853,86854,3798
86854,86855,3799
86855,86856,3800
86856,86857,3801
86857,86858,3802
86858,86859,3803
86859,86860,3804
86860,86861,3805
86861,86862,3806
86862,86863,3807
86863,86864,3808
86864,86865,3809
86865,86866,3810
86866,86867,3811
86867,86868,3812
86868,86869,3813
86869,86870,3814
86870,86871,3815
86871,86872,3816
86872,86873,3817
86873,86874,3818
86874,86875,3819
86875,86876,3820
86876,86877,3821
86877,86878,3822
86878,86879,3823
86879,86880,3824
86880,86881,3825
86881,86882,3826
86882,86883,3827
86883,86884,3828
86884,86885,3829
86885,86886,3830
86886,86887,3831
86887,86888,3832
86888,86889,3833
86889,86890,3834
86890,86891,3835
86891,86892,3836
86892,86893,3837
86893,86894,3838
86894,86895,3839
86895,86896,3840
86896,86897,3841
86897,86898,3842
86898,86899,3843
86899,86900,3844
86900,86901,3845
86901,86902,3846
86902,86903,3847
86903,86904,3848
86904,86905,3849
86905,86906,3850
86906,86907,3851
